Modelo,Acuracia,Precisao,Recall,F1-Score
Logistic Regression,0.8033175355450237,0.658695652173913,0.5401069518716578,0.5935357492654261
Decision Tree,0.7265402843601896,0.4863013698630137,0.5062388591800356,0.49606986899563316
Random Forest,0.7853080568720379,0.6291866028708134,0.46880570409982175,0.5372829417773238
