{
    "accuracy": 0.728436018957346,
    "precision": 0.7021334092917607,
    "recall": 0.7547834322413747,
    "f1-score": 0.702133865947798,
    "auc_score": 0.8193619251797204,
    "best_threshold": 0.35
}