{
    "accuracy": 0.728909952606635,
    "precision": 0.702791435933337,
    "recall": 0.7556746978385227,
    "f1-score": 0.7027454642896549,
    "auc_score": 0.8183435003204872,
    "best_threshold": 0.3466666666666667,
    "best_params": {
        "n_estimators": 300,
        "min_samples_split": 2,
        "min_samples_leaf": 1,
        "max_depth": null
    }
}